model,Accuracy,Precision,Recall,F1,ROC-AUC,evaluation_samples,is_best_model
Logistic Regression,0.4230769230769231,0.125,0.6666666666666666,0.21052631578947367,0.4492753623188406,26,True
RandomForestClassifier,0.8076923076923077,0.0,0.0,0.0,0.5942028985507246,26,False
HistGradientBoostingClassifier,0.7692307692307693,0.0,0.0,0.0,0.8405797101449275,26,False
