model,Accuracy,Precision,Recall,F1,ROC-AUC,evaluation_samples,is_best_model
Logistic Regression,0.7540983606557377,0.5555555555555556,0.3125,0.4,0.7305555555555554,61,False
RandomForestClassifier,0.8852459016393442,0.8461538461538461,0.6875,0.7586206896551724,0.8701388888888889,61,True
HistGradientBoostingClassifier,0.8852459016393442,0.9090909090909091,0.625,0.7407407407407407,0.9,61,False
