model,model_type,MAE,RMSE,R2,evaluation_samples,common_MAE,common_RMSE,common_R2,common_evaluation_samples,is_best_model
Persistence Baseline,baseline,9.346540257131439,12.385463480822605,0.5472041989131471,61,9.346540257131439,12.385463480822605,0.5472041989131471,61.0,False
7-Day Rolling Mean Baseline,baseline,14.164606226897755,17.462263272332656,0.09992452589170353,61,14.164606226897755,17.462263272332656,0.09992452589170353,61.0,False
Ridge Regression,model,11.954569082704452,14.800105598924294,0.35344199533323484,61,11.954569082704452,14.800105598924294,0.35344199533323484,61.0,False
RandomForestRegressor,model,8.926267311520997,11.934935663602793,0.5795464447529707,61,8.926267311520997,11.934935663602793,0.5795464447529707,61.0,True
HistGradientBoostingRegressor,model,9.571017093702636,12.392011063719089,0.5467253308114572,61,9.571017093702636,12.392011063719089,0.5467253308114572,61.0,False
